date,mean_demand,max_demand,min_demand
2019-01-01,27226.333333333332,33796,23206
2019-01-02,28819.458333333332,33031,24853
2019-01-03,30289.083333333332,35139,26093
2019-01-04,30001.833333333332,34882,25788
2019-01-05,29560.0,34316,25174
2019-01-06,28022.791666666668,33578,24197
2019-01-07,28817.541666666668,33087,24223
2019-01-08,28798.041666666668,31570,24599
2019-01-09,29315.458333333332,34032,24439
2019-01-10,28947.083333333332,34174,24584
2019-01-11,29412.5,33612,24476
2019-01-12,27963.041666666668,33356,24106
2019-01-13,25801.958333333332,31350,22184
2019-01-14,28691.666666666668,32865,22606
2019-01-15,30568.125,36205,24216
2019-01-16,29960.0,35786,24287
2019-01-17,29985.5,35110,24127
2019-01-18,27295.291666666668,33113,22095
2019-01-19,25816.083333333332,32136,22226
2019-01-20,24363.666666666668,29711,21916
2019-01-21,25570.958333333332,29270,21741
2019-01-22,27796.666666666668,32371,24081
2019-01-23,28572.416666666668,34646,25096
2019-01-24,28051.833333333332,33094,24213
2019-01-25,27982.208333333332,33178,23901
2019-01-26,25920.958333333332,32627,22361
2019-01-27,24219.041666666668,30145,20550
2019-01-28,26451.875,29964,22305
2019-01-29,29257.041666666668,34335,24649
2019-01-30,29230.791666666668,34383,24300
2019-01-31,29438.541666666668,34358,24069
2019-02-01,28939.791666666668,34639,24034
2019-02-02,28542.166666666668,33823,24001
2019-02-03,27206.416666666668,32061,23568
2019-02-04,28503.041666666668,31520,23740
2019-02-05,28679.083333333332,34693,22572
2019-02-06,28111.916666666668,32535,24813
2019-02-07,25470.458333333332,28207,21541
2019-02-08,29895.625,35863,26373
2019-02-09,27641.166666666668,33868,23470
2019-02-10,25269.25,31472,22265
2019-02-11,27010.25,31176,23403
2019-02-12,28241.791666666668,33140,24619
2019-02-13,28371.583333333332,33717,20132
2019-02-14,28720.958333333332,33043,19922
2019-02-15,27044.291666666668,32165,19531
2019-02-16,26920.625,31867,23352
2019-02-17,26275.083333333332,30932,24143
2019-02-18,27153.166666666668,31017,24887
2019-02-19,28335.0,33151,19544
2019-02-20,29152.541666666668,33949,17855
2019-02-21,30364.416666666668,34918,26503
2019-02-22,29722.083333333332,34919,26413
2019-02-23,28268.666666666668,35046,22060
2019-02-24,24996.208333333332,31548,19335
2019-02-25,26409.958333333332,30778,21161
2019-02-26,27156.958333333332,34128,22937
2019-02-27,24921.583333333332,28404,22117
2019-02-28,24704.0,27846,21863
2019-03-01,24376.875,27805,21472
2019-03-02,24026.291666666668,27283,21545
2019-03-03,22814.833333333332,26385,20980
2019-03-04,23788.833333333332,26051,21195
2019-03-05,25003.208333333332,27945,22193
2019-03-06,25455.5,28336,21882
2019-03-07,25106.25,28573,22101
2019-03-08,24887.375,28104,22348
2019-03-09,24233.0,28085,22284
2019-03-10,23397.625,26757,21625
2019-03-11,24918.583333333332,27084,21967
2019-03-12,24945.375,28430,22016
2019-03-13,24178.041666666668,27562,21817
2019-03-14,24397.25,27182,22123
2019-03-15,24028.791666666668,27173,21673
2019-03-16,23044.041666666668,26403,21358
2019-03-17,22378.625,26018,20854
2019-03-18,23989.583333333332,26425,21039
2019-03-19,24773.166666666668,29010,20640
2019-03-20,24966.916666666668,28341,20504
2019-03-21,25013.25,28085,20962
2019-03-22,25105.5,28530,21595
2019-03-23,23546.333333333332,28438,21119
2019-03-24,22503.333333333332,26740,20276
2019-03-25,24931.791666666668,27628,21057
2019-03-26,25651.958333333332,30071,21416
2019-03-27,26224.041666666668,29517,22546
2019-03-28,26640.833333333332,29708,24052
2019-03-29,26505.708333333332,29507,23980
2019-03-30,25670.125,28876,23412
2019-03-31,24096.166666666668,29142,21782
2019-04-01,26103.708333333332,29567,22524
2019-04-02,27899.0,32688,23249
2019-04-03,27746.833333333332,32009,23099
2019-04-04,27719.083333333332,31787,23490
2019-04-05,26554.25,29816,22206
2019-04-06,25298.5,28860,22396
2019-04-07,23804.666666666668,26567,21143
2019-04-08,26174.375,30958,21412
2019-04-09,27629.208333333332,33205,22333
2019-04-10,26098.416666666668,29426,17654
2019-04-11,26041.75,29690,17617
2019-04-12,26599.041666666668,32054,22866
2019-04-13,23278.625,26638,20117
2019-04-14,23014.0,26454,19385
2019-04-15,26143.625,30430,21729
2019-04-16,26523.958333333332,32311,18034
2019-04-17,27380.875,32165,23282
2019-04-18,28343.583333333332,33101,23681
2019-04-19,29416.916666666668,36527,23676
2019-04-20,27402.875,35008,23887
2019-04-21,24768.708333333332,30811,21434
2019-04-22,25921.5,29091,22538
2019-04-23,28762.5,33893,23256
2019-04-24,30385.166666666668,36147,24018
2019-04-25,31255.833333333332,37822,24576
2019-04-26,30669.208333333332,37349,24474
2019-04-27,28426.833333333332,35445,23816
2019-04-28,25948.0,31847,22476
2019-04-29,27522.416666666668,31707,22767
2019-04-30,28146.875,32822,23121
2019-05-01,27709.166666666668,32619,23313
2019-05-02,28279.291666666668,33522,23837
2019-05-03,28560.875,33837,23842
2019-05-04,27079.0,33551,23788
2019-05-05,25014.416666666668,31496,22080
2019-05-06,27115.0,30644,22909
2019-05-07,28341.791666666668,32898,23568
2019-05-08,28462.958333333332,33164,19716
2019-05-09,28350.25,33874,19438
2019-05-10,27729.041666666668,33420,19686
2019-05-11,26908.75,32417,23273
2019-05-12,25919.833333333332,31738,23214
2019-05-13,28457.458333333332,32090,23680
2019-05-14,29541.541666666668,34474,24126
2019-05-15,29636.666666666668,34333,23933
2019-05-16,28698.5,33162,23834
2019-05-17,27869.166666666668,31939,24479
2019-05-18,26492.541666666668,31231,23270
2019-05-19,25447.125,30090,22605
2019-05-20,26305.625,29631,22878
2019-05-21,27339.958333333332,31630,23416
2019-05-22,27419.625,31898,23509
2019-05-23,27985.625,31825,23449
2019-05-24,27432.416666666668,32020,23527
2019-05-25,25679.25,31653,22828
2019-05-26,24421.208333333332,29376,21929
2019-05-27,23967.208333333332,28060,21862
2019-05-28,26203.791666666668,29455,22502
2019-05-29,28161.875,32817,23427
2019-05-30,29143.083333333332,34467,24038
2019-05-31,29538.166666666668,34519,24533
2019-06-01,28462.041666666668,34282,24356
2019-06-02,27116.958333333332,32787,23309
2019-06-03,29085.458333333332,33255,23849
2019-06-04,31919.625,37511,25349
2019-06-05,34176.125,40521,26576
2019-06-06,33528.291666666664,42239,26686
2019-06-07,30910.291666666668,36879,25209
2019-06-08,29018.458333333332,34431,25073
2019-06-09,29312.0,35097,24304
2019-06-10,35748.083333333336,49135,26454
2019-06-11,40507.375,52021,28882
2019-06-12,40840.958333333336,53322,30107
2019-06-13,36828.041666666664,49493,28262
2019-06-14,33305.166666666664,40768,27130
2019-06-15,30230.125,37375,25699
2019-06-16,28386.416666666668,34415,24386
2019-06-17,30866.583333333332,36193,25247
2019-06-18,33562.916666666664,39117,26544
2019-06-19,34372.291666666664,41659,26793
2019-06-20,33741.541666666664,41821,26711
2019-06-21,31276.083333333332,37013,25514
2019-06-22,29363.208333333332,35471,24798
2019-06-23,29878.625,36373,24540
2019-06-24,33069.458333333336,39236,25922
2019-06-25,33178.791666666664,41284,25910
2019-06-26,31732.833333333332,37538,25824
2019-06-27,31134.083333333332,36199,25549
2019-06-28,31419.708333333332,36627,25603
2019-06-29,30481.166666666668,37663,24976
2019-06-30,29643.208333333332,35665,24515
2019-07-01,32464.416666666668,39669,25049
2019-07-02,34030.458333333336,42074,26689
2019-07-03,33602.958333333336,41396,26713
2019-07-04,30873.291666666668,39737,25688
2019-07-05,31102.666666666668,37346,25665
2019-07-06,31945.416666666668,40910,25831
2019-07-07,30133.083333333332,38583,24969
2019-07-08,30978.375,35636,25060
2019-07-09,32136.25,37389,25757
2019-07-10,34078.75,40724,26763
2019-07-11,36028.125,44078,27687
2019-07-12,37327.583333333336,46499,28411
2019-07-13,36618.166666666664,48150,27978
2019-07-14,34953.75,45959,26575
2019-07-15,37032.625,47196,27605
2019-07-16,38487.958333333336,49569,28724
2019-07-17,37315.25,47742,28339
2019-07-18,37094.291666666664,46443,28286
2019-07-19,35706.0,45552,27688
2019-07-20,33066.375,42456,26538
2019-07-21,32177.291666666668,39836,26017
2019-07-22,36642.041666666664,47898,27607
2019-07-23,40596.958333333336,50983,30128
2019-07-24,41680.875,53132,30159
2019-07-25,42145.5,54125,31369
2019-07-26,41600.708333333336,52560,30823
2019-07-27,39887.75,52704,29724
2019-07-28,39080.916666666664,51914,28635
2019-07-29,38966.75,49517,29025
2019-07-30,38189.166666666664,49501,28914
2019-07-31,37332.333333333336,46844,28800
2019-08-01,37807.541666666664,47030,29112
2019-08-02,37975.666666666664,48232,28830
2019-08-03,37171.0,49313,28222
2019-08-04,35917.833333333336,47332,27141
2019-08-05,37970.125,48860,27976
2019-08-06,39682.916666666664,50894,29245
2019-08-07,39110.333333333336,51788,29284
2019-08-08,36877.708333333336,47629,28095
2019-08-09,35288.291666666664,44369,27278
2019-08-10,33576.5,43380,26845
2019-08-11,31558.083333333332,39744,25819
2019-08-12,34739.916666666664,45071,26264
2019-08-13,37740.708333333336,48156,27737
2019-08-14,39664.041666666664,52140,28654
2019-08-15,41347.708333333336,54735,29414
2019-08-16,41089.75,55067,29750
2019-08-17,36331.083333333336,51122,27976
2019-08-18,31890.625,41592,26009
2019-08-19,33864.791666666664,41642,26153
2019-08-20,35724.708333333336,44569,27029
2019-08-21,36890.166666666664,47534,27311
2019-08-22,38868.958333333336,50395,28790
2019-08-23,38159.625,49646,28485
2019-08-24,36921.75,48285,28093
2019-08-25,36613.208333333336,47662,27852
2019-08-26,39951.208333333336,52627,28899
2019-08-27,41593.208333333336,54576,30161
2019-08-28,40532.291666666664,53889,29997
2019-08-29,39381.333333333336,49963,29293
2019-08-30,39757.375,51196,29501
2019-08-31,37728.166666666664,51380,28263
2019-09-01,36625.041666666664,48903,27696
2019-09-02,37294.208333333336,48168,27946
2019-09-03,40501.25,52731,29508
2019-09-04,42411.166666666664,54647,30567
2019-09-05,42343.5,54679,31136
2019-09-06,41019.75,52468,30317
2019-09-07,37855.583333333336,51740,28843
2019-09-08,32380.5,42950,26402
2019-09-09,33336.5,39907,26412
2019-09-10,34217.666666666664,42143,27133
2019-09-11,33347.458333333336,39113,26374
2019-09-12,35241.333333333336,45722,26729
2019-09-13,38430.208333333336,51155,27906
2019-09-14,38086.458333333336,52651,27787
2019-09-15,35405.375,49717,27114
2019-09-16,34741.791666666664,41613,27035
2019-09-17,33680.208333333336,40726,26756
2019-09-18,33732.0,40372,26385
2019-09-19,33113.625,39513,26289
2019-09-20,32463.208333333332,37378,26064
2019-09-21,31621.041666666668,38648,25988
2019-09-22,31269.25,39440,25170
2019-09-23,34134.541666666664,41146,26446
2019-09-24,35775.083333333336,45013,27033
2019-09-25,38054.875,47888,27642
2019-09-26,37638.166666666664,48961,28403
2019-09-27,34332.25,41633,27183
2019-09-28,29996.416666666668,36836,25382
2019-09-29,26637.708333333332,32424,23887
2019-09-30,27934.583333333332,31879,23524
2019-10-01,28920.75,34217,24038
2019-10-02,29056.041666666668,34305,24081
2019-10-03,29774.166666666668,35262,24279
2019-10-04,29419.291666666668,34917,24017
2019-10-05,27764.166666666668,33971,23759
2019-10-06,26870.333333333332,33091,22797
2019-10-07,30189.583333333332,36991,23662
2019-10-08,31578.291666666668,39441,24606
2019-10-09,30432.125,38050,23944
2019-10-10,28898.666666666668,34296,23675
2019-10-11,29250.916666666668,34456,23769
2019-10-12,27749.041666666668,34387,23584
2019-10-13,26142.291666666668,32266,22704
2019-10-14,27591.166666666668,31812,22469
2019-10-15,29111.208333333332,33889,23649
2019-10-16,30570.875,36032,24080
2019-10-17,29894.208333333332,36395,23950
2019-10-18,29044.791666666668,34069,23824
2019-10-19,27329.333333333332,33207,23332
2019-10-20,26044.708333333332,31454,22751
2019-10-21,29373.666666666668,36100,23220
2019-10-22,31859.875,38805,24555
2019-10-23,32261.291666666668,39973,24724
2019-10-24,32505.375,39285,25004
2019-10-25,32886.833333333336,40624,25089
2019-10-26,29827.458333333332,40049,23931
2019-10-27,25762.416666666668,33860,22094
2019-10-28,26324.125,29489,21675
2019-10-29,27916.541666666668,33102,22844
2019-10-30,28029.75,32836,23684
2019-10-31,28389.416666666668,32979,23669
2019-11-01,28442.666666666668,32246,23828
2019-11-02,27021.416666666668,32920,23441
2019-11-03,25517.25,30697,22729
2019-11-04,27586.958333333332,31317,22592
2019-11-05,29094.875,34894,23632
2019-11-06,29400.583333333332,35132,23797
2019-11-07,29529.791666666668,34976,23914
2019-11-08,29695.708333333332,35283,23869
2019-11-09,28458.291666666668,35512,23683
2019-11-10,26532.958333333332,32864,23067
2019-11-11,27454.583333333332,31463,23064
2019-11-12,28862.375,34527,23292
2019-11-13,28876.333333333332,34592,23566
2019-11-14,28622.041666666668,34027,23498
2019-11-15,28603.625,33998,24001
2019-11-16,27018.708333333332,33230,23320
2019-11-17,26184.458333333332,31318,22941
2019-11-18,28628.583333333332,33606,23073
2019-11-19,29721.5,36206,23547
2019-11-20,29297.583333333332,34931,23533
2019-11-21,29010.583333333332,34373,23936
2019-11-22,29013.25,34121,24498
2019-11-23,27427.208333333332,33867,23802
2019-11-24,26276.166666666668,31376,23694
2019-11-25,27685.958333333332,31206,23401
2019-11-26,29334.083333333332,34268,24290
2019-11-27,30018.875,35174,24349
2019-11-28,29189.208333333332,34863,24533
2019-11-29,27086.166666666668,30428,24259
2019-11-30,28174.666666666668,32631,24656
2019-12-01,27719.458333333332,32989,24020
2019-12-02,29095.916666666668,33017,24249
2019-12-03,30318.041666666668,35345,24503
2019-12-04,30802.333333333332,35428,24394
2019-12-05,30041.291666666668,35731,24561
2019-12-06,29789.666666666668,35184,24367
2019-12-07,28922.0,34843,24313
2019-12-08,27244.208333333332,32767,23492
2019-12-09,28790.083333333332,32902,24033
2019-12-10,30283.916666666668,35563,25220
2019-12-11,30656.0,35791,25191
2019-12-12,30038.625,35830,24874
2019-12-13,29844.708333333332,35300,24376
2019-12-14,28518.708333333332,35100,24258
2019-12-15,27147.333333333332,32633,24358
2019-12-16,29562.916666666668,33786,25220
2019-12-17,31353.833333333332,37027,26170
2019-12-18,31672.041666666668,36954,26074
2019-12-19,31282.041666666668,36979,26654
2019-12-20,27329.666666666668,36126,5719
2019-12-21,30364.208333333332,35172,25144
2019-12-22,29321.791666666668,33370,24250
2019-12-23,29886.625,33296,24637
2019-12-24,29823.708333333332,35634,25429
2019-12-25,27543.583333333332,33125,24441
2019-12-26,28662.333333333332,31134,24714
2019-12-27,29951.875,35796,26131
2019-12-28,28598.041666666668,34747,25040
2019-12-29,27750.125,33078,24620
2019-12-30,28856.416666666668,33337,24184
2019-12-31,28952.666666666668,34943,24695
2020-01-01,26707.708333333332,32928,23376
2020-01-02,27314.208333333332,30649,23332
2020-01-03,28569.458333333332,33826,24084
2020-01-04,27316.875,33285,23878
2020-01-05,26230.625,31368,23601
2020-01-06,27902.875,31867,23562
2020-01-07,28993.208333333332,33956,24017
2020-01-08,29167.875,34308,23940
2020-01-09,29287.083333333332,34027,24046
2020-01-10,29264.333333333332,34526,25049
2020-01-11,27441.125,33518,23915
2020-01-12,26370.458333333332,31334,23752
2020-01-13,28041.416666666668,31946,23781
2020-01-14,29067.708333333332,34489,24232
2020-01-15,29468.5,34560,24789
2020-01-16,30269.791666666668,34916,25057
2020-01-17,30146.625,35846,25236
2020-01-18,28321.916666666668,34331,24890
2020-01-19,27032.416666666668,31817,24203
2020-01-20,28646.458333333332,31743,23572
2020-01-21,29686.625,34811,24104
2020-01-22,29286.25,34763,24250
2020-01-23,29208.5,33884,24758
2020-01-24,28837.166666666668,33875,24162
2020-01-25,26944.666666666668,32943,23258
2020-01-26,26013.5,31033,23051
2020-01-27,27740.458333333332,31374,23591
2020-01-28,28925.458333333332,34076,24775
2020-01-29,28882.416666666668,34063,24566
2020-01-30,29122.166666666668,34291,24455
2020-01-31,28894.25,34034,24579
2020-02-01,27205.916666666668,33169,24052
2020-02-02,25973.875,31366,23419
2020-02-03,27943.5,32221,24295
2020-02-04,30307.916666666668,35829,26482
2020-02-05,30712.291666666668,36113,26802
2020-02-06,29971.458333333332,35331,25962
2020-02-07,29286.125,34236,25409
2020-02-08,27562.833333333332,33462,24031
2020-02-09,26228.458333333332,31260,23858
2020-02-10,28489.25,32147,25002
2020-02-11,29325.0,34673,25394
2020-02-12,28953.041666666668,34399,24734
2020-02-13,29037.791666666668,33910,25067
2020-02-14,28815.875,33752,25163
2020-02-15,26886.708333333332,32957,23168
2020-02-16,25236.083333333332,30506,21873
2020-02-17,26042.875,30431,23248
2020-02-18,27937.375,33133,23796
2020-02-19,28331.125,33831,24555
2020-02-20,28320.625,33890,24195
2020-02-21,28423.0,33809,23951
2020-02-22,26963.208333333332,33202,23239
2020-02-23,25147.333333333332,30760,22434
2020-02-24,26929.625,30884,23353
2020-02-25,28122.708333333332,33793,24028
2020-02-26,28125.041666666668,33848,23540
2020-02-27,28371.041666666668,33691,23854
2020-02-28,28643.166666666668,34061,23777
2020-02-29,26617.5,33490,23109
2020-03-01,25171.541666666668,30546,22663
2020-03-02,27342.208333333332,31447,23468
2020-03-03,28435.375,34033,24453
2020-03-04,28355.583333333332,33964,24251
2020-03-05,28491.041666666668,34034,24180
2020-03-06,28455.208333333332,34255,24229
2020-03-07,26943.791666666668,33075,23431
2020-03-08,25520.75,30878,22928
2020-03-09,27398.375,31205,23714
2020-03-10,28948.958333333332,33262,24001
2020-03-11,28500.583333333332,33275,23990
2020-03-12,28844.541666666668,33279,23492
2020-03-13,28965.291666666668,33599,24269
2020-03-14,27236.375,32514,23920
2020-03-15,25799.5,31040,22736
2020-03-16,28011.583333333332,31073,23429
2020-03-17,28484.458333333332,33505,24304
2020-03-18,28771.541666666668,32477,24994
2020-03-19,27976.625,32133,24768
2020-03-20,27207.208333333332,31902,24088
2020-03-21,25526.583333333332,30873,22494
2020-03-22,24251.291666666668,29470,21407
2020-03-23,25766.625,29313,22761
2020-03-24,26611.708333333332,30711,23139
2020-03-25,26250.375,30642,23058
2020-03-26,26041.958333333332,30677,23373
2020-03-27,26029.125,30754,22999
2020-03-28,24889.875,29926,22928
2020-03-29,23633.375,28950,21296
2020-03-30,24749.291666666668,28625,22336
2020-03-31,25620.208333333332,29926,22481
2020-04-01,25177.375,29906,22509
2020-04-02,25183.416666666668,30094,22449
2020-04-03,24686.0,29662,22001
2020-04-04,24181.333333333332,29285,21783
2020-04-05,24131.625,28562,21496
2020-04-06,25732.333333333332,28603,22197
2020-04-07,26130.5,30570,23049
2020-04-08,26106.541666666668,30213,22744
2020-04-09,26461.166666666668,30158,22806
2020-04-10,25696.875,29871,22575
2020-04-11,23519.583333333332,29132,19871
2020-04-12,22642.375,27731,20856
2020-04-13,23892.666666666668,27558,20954
2020-04-14,24190.583333333332,29179,21739
2020-04-15,24518.458333333332,29807,21947
2020-04-16,24557.833333333332,29844,21563
2020-04-17,24965.5,29882,21827
2020-04-18,23889.125,29094,21499
2020-04-19,22613.666666666668,28042,19454
2020-04-20,24226.875,27879,21219
2020-04-21,24554.291666666668,29271,21630
2020-04-22,25130.458333333332,29938,22626
2020-04-23,26808.791666666668,32043,23071
2020-04-24,28236.291666666668,33878,23032
2020-04-25,28909.666666666668,37672,23307
2020-04-26,27266.916666666668,36751,21749
2020-04-27,27650.75,33528,22884
2020-04-28,29206.666666666668,34941,24422
2020-04-29,30269.125,38275,24460
2020-04-30,28741.625,34317,24527
2020-05-01,27723.625,33958,23924
2020-05-02,26070.875,32365,22668
2020-05-03,24742.5,31372,20808
2020-05-04,26289.583333333332,30690,22667
2020-05-05,28762.291666666668,34324,23620
2020-05-06,30344.833333333332,37530,24788
2020-05-07,31419.166666666668,39341,24927
2020-05-08,31973.583333333332,41055,25233
2020-05-09,29907.708333333332,40127,24381
2020-05-10,27385.166666666668,35589,23295
2020-05-11,27447.458333333332,31647,23320
2020-05-12,27750.583333333332,32752,23909
2020-05-13,27105.208333333332,31772,23788
2020-05-14,27012.125,31945,23754
2020-05-15,27245.208333333332,32377,24321
2020-05-16,26825.625,33019,23538
2020-05-17,26331.125,32835,22442
2020-05-18,27048.416666666668,31431,23554
2020-05-19,26343.125,31123,23317
2020-05-20,26181.583333333332,30949,23551
2020-05-21,27124.125,32056,23452
2020-05-22,28155.0,34490,24053
2020-05-23,25903.041666666668,32593,22319
2020-05-24,25211.75,31384,21414
2020-05-25,27967.791666666668,34983,23506
2020-05-26,33506.208333333336,44161,25541
2020-05-27,36550.416666666664,46901,27311
2020-05-28,35746.583333333336,47114,27574
2020-05-29,33725.166666666664,44209,26892
2020-05-30,29169.458333333332,36313,25262
2020-05-31,26711.916666666668,32170,22944
2020-06-01,29324.958333333332,34693,24652
2020-06-02,32314.791666666668,40005,26041
2020-06-03,35822.166666666664,47741,27195
2020-06-04,37235.916666666664,49934,27738
2020-06-05,33576.208333333336,45060,27444
2020-06-06,27377.5,32967,24539
2020-06-07,25161.375,31079,21756
2020-06-08,27014.25,30660,24063
2020-06-09,30811.666666666668,39054,25346
2020-06-10,35114.291666666664,45521,26912
2020-06-11,36894.041666666664,48466,27928
2020-06-12,34030.625,46211,26897
2020-06-13,28639.333333333332,35446,25253
2020-06-14,26963.833333333332,32734,23473
2020-06-15,30302.625,35623,24696
2020-06-16,30983.791666666668,38141,26097
2020-06-17,30565.875,36131,25689
2020-06-18,31726.875,37797,25872
2020-06-19,32535.291666666668,40089,26463
2020-06-20,31359.833333333332,40398,25964
2020-06-21,30125.041666666668,37552,25097
2020-06-22,32903.458333333336,41646,26035
2020-06-23,35558.708333333336,45158,27624
2020-06-24,35860.166666666664,45737,27730
2020-06-25,35890.208333333336,45789,28187
2020-06-26,35564.166666666664,44546,27595
2020-06-27,34593.333333333336,45563,27323
2020-06-28,30414.666666666668,41286,25190
2020-06-29,29584.458333333332,33104,25268
2020-06-30,31740.625,37527,26106
2020-07-01,32935.75,41076,26616
2020-07-02,32639.458333333332,40568,26721
2020-07-03,31356.5,39851,25869
2020-07-04,31894.708333333332,41158,25023
2020-07-05,32377.416666666668,42223,24770
2020-07-06,35259.0,45214,26682
2020-07-07,35558.916666666664,46605,27329
2020-07-08,35478.666666666664,45535,27475
2020-07-09,35839.083333333336,46052,27599
2020-07-10,37472.375,47842,28273
2020-07-11,38515.125,50178,28256
2020-07-12,38173.5,51271,27279
2020-07-13,39972.875,51543,29605
2020-07-14,37471.875,49837,28978
2020-07-15,36163.125,45916,28965
2020-07-16,35511.333333333336,45001,27902
2020-07-17,35371.333333333336,44459,27888
2020-07-18,34334.916666666664,44542,27288
2020-07-19,33677.666666666664,45218,26281
2020-07-20,34554.625,42515,27292
2020-07-21,35391.708333333336,44763,27766
2020-07-22,34655.583333333336,44199,27674
2020-07-23,33489.666666666664,41992,26979
2020-07-24,33546.5,41744,27124
2020-07-25,32799.75,41849,27009
2020-07-26,32548.708333333332,41941,25795
2020-07-27,34902.75,43125,27414
2020-07-28,35514.5,45766,27551
2020-07-29,35808.791666666664,46241,27689
2020-07-30,36434.791666666664,46375,28067
2020-07-31,38221.666666666664,48898,28778
2020-08-01,36822.333333333336,50029,28006
2020-08-02,34739.208333333336,46594,26514
2020-08-03,36474.666666666664,46385,27428
2020-08-04,36854.041666666664,48739,28438
2020-08-05,34878.291666666664,44905,27789
2020-08-06,33159.791666666664,40618,27085
2020-08-07,33430.208333333336,40764,26974
2020-08-08,33286.541666666664,42947,26731
2020-08-09,32887.125,43371,25556
2020-08-10,35782.291666666664,44803,27354
2020-08-11,35952.125,46972,27700
2020-08-12,36175.625,46185,27837
2020-08-13,39130.208333333336,50630,29470
2020-08-14,42434.958333333336,56324,31076
2020-08-15,44223.708333333336,57530,32247
2020-08-16,43092.25,55898,32214
2020-08-17,44549.25,55893,33246
2020-08-18,45476.041666666664,58095,33366
2020-08-19,46141.541666666664,58099,34818
2020-08-20,43686.333333333336,56760,32977
2020-08-21,42247.416666666664,53741,32195
2020-08-22,41120.625,52269,31831
2020-08-23,39684.25,51239,30046
2020-08-24,41960.833333333336,52785,32525
2020-08-25,41409.5,53430,31202
2020-08-26,40542.5,52112,30682
2020-08-27,39416.666666666664,50800,29538
2020-08-28,38813.0,50531,29172
2020-08-29,35463.583333333336,47790,28344
2020-08-30,32653.541666666668,42804,26798
2020-08-31,34573.916666666664,42696,27188
2020-09-01,35081.916666666664,44135,27853
2020-09-02,34672.041666666664,42895,27619
2020-09-03,35314.583333333336,44686,27302
2020-09-04,37304.25,48487,28383
2020-09-05,39605.791666666664,54224,29820
2020-09-06,43787.666666666664,57095,31560
2020-09-07,43481.0,58097,32681
2020-09-08,39869.708333333336,52094,30805
2020-09-09,35766.083333333336,43514,28491
2020-09-10,33552.708333333336,41114,26508
2020-09-11,32087.0,38046,25586
2020-09-12,31580.25,39132,26346
2020-09-13,30503.333333333332,37905,25152
2020-09-14,32788.708333333336,41465,26025
2020-09-15,34524.208333333336,43608,26699
2020-09-16,35010.291666666664,44808,26597
2020-09-17,35607.0,46487,26923
2020-09-18,36033.291666666664,46524,27293
2020-09-19,34399.416666666664,46229,26790
2020-09-20,31764.916666666668,42194,25690
2020-09-21,33396.208333333336,42135,25860
2020-09-22,34434.583333333336,43801,26563
2020-09-23,34311.791666666664,43936,26742
2020-09-24,34876.208333333336,43753,27070
2020-09-25,34175.083333333336,44630,26704
2020-09-26,32084.666666666668,41221,26096
2020-09-27,31787.041666666668,39548,26253
2020-09-28,35425.333333333336,48463,26899
2020-09-29,37374.416666666664,49573,27440
2020-09-30,38480.083333333336,52105,27704
2020-10-01,39657.5,53248,28324
2020-10-02,38978.291666666664,53504,28052
2020-10-03,35909.041666666664,51216,26817
2020-10-04,33290.833333333336,46078,25468
2020-10-05,34274.416666666664,44336,25846
2020-10-06,34321.875,45758,25980
2020-10-07,33342.166666666664,42568,26039
2020-10-08,31904.583333333332,40388,19988
2020-10-09,30744.791666666668,36484,25512
2020-10-10,29136.791666666668,34965,24911
2020-10-11,27709.0,33355,24154
2020-10-12,30243.75,40494,24065
2020-10-13,33930.375,44415,25769
2020-10-14,34766.958333333336,45201,25608
2020-10-15,35322.125,46195,26262
2020-10-16,35815.708333333336,46514,27294
2020-10-17,33332.041666666664,46372,26173
2020-10-18,30860.166666666668,41110,24949
2020-10-19,31869.958333333332,38651,25145
2020-10-20,31805.583333333332,39793,25376
2020-10-21,31653.291666666668,38602,25338
2020-10-22,30954.708333333332,37939,25185
2020-10-23,29832.958333333332,34795,25115
2020-10-24,27955.333333333332,33350,24352
2020-10-25,26327.833333333332,31051,23167
2020-10-26,26623.541666666668,30186,23311
2020-10-27,27171.833333333332,31549,22822
2020-10-28,27784.583333333332,32615,23151
2020-10-29,28250.625,32848,23361
2020-10-30,28520.333333333332,33625,23735
2020-10-31,27045.833333333332,33195,23285
2020-11-01,25731.958333333332,31082,22360
2020-11-02,27598.75,32337,22320
2020-11-03,28929.291666666668,34956,23999
2020-11-04,29103.25,34745,24151
2020-11-05,29875.666666666668,35897,24303
2020-11-06,29640.458333333332,35998,24748
2020-11-07,26604.916666666668,33188,22919
2020-11-08,25127.458333333332,30412,22340
2020-11-09,27362.625,31441,23673
2020-11-10,29061.666666666668,34182,25411
2020-11-11,28601.166666666668,33972,24742
2020-11-12,28483.583333333332,33500,24545
2020-11-13,28912.958333333332,33723,24651
2020-11-14,27097.416666666668,33672,23840
2020-11-15,25597.208333333332,31067,22847
2020-11-16,27103.541666666668,31045,22645
2020-11-17,28619.875,34497,23387
2020-11-18,28410.166666666668,34146,23540
2020-11-19,28420.333333333332,33671,23928
2020-11-20,28712.041666666668,33733,24460
2020-11-21,27336.375,33387,24136
2020-11-22,26183.0,31708,23405
2020-11-23,27779.458333333332,31589,23880
2020-11-24,28859.583333333332,34107,24964
2020-11-25,28790.75,34127,24888
2020-11-26,27472.291666666668,33856,24321
2020-11-27,26047.0,30192,23588
2020-11-28,26711.666666666668,31662,23676
2020-11-29,26481.583333333332,31748,23327
2020-11-30,28350.708333333332,32091,24283
2020-12-01,29633.083333333332,34930,25378
2020-12-02,29746.75,35235,25438
2020-12-03,29413.166666666668,35035,24985
2020-12-04,29614.875,34954,25457
2020-12-05,28665.666666666668,34912,25092
2020-12-06,27207.208333333332,32959,23991
2020-12-07,29215.708333333332,32992,24588
2020-12-08,29662.458333333332,35351,24555
2020-12-09,29604.291666666668,35230,24846
2020-12-10,29544.125,34893,24956
2020-12-11,30117.666666666668,35241,25303
2020-12-12,29234.791666666668,35366,24873
2020-12-13,27839.375,33472,24323
2020-12-14,28752.791666666668,33217,24107
2020-12-15,30033.708333333332,35677,25331
2020-12-16,30158.291666666668,35837,25631
2020-12-17,29928.541666666668,35597,25130
2020-12-18,29863.916666666668,35444,25570
2020-12-19,28545.583333333332,34827,24718
2020-12-20,27747.583333333332,33484,24674
2020-12-21,28889.166666666668,32890,24738
2020-12-22,29579.125,35053,25083
2020-12-23,29693.541666666668,34877,25434
2020-12-24,29616.375,35119,25147
2020-12-25,27090.666666666668,33380,24124
2020-12-26,25760.333333333332,30534,23103
2020-12-27,26403.875,31812,23582
2020-12-28,28211.791666666668,32416,23834
2020-12-29,29111.416666666668,35323,25040
2020-12-30,29010.333333333332,34275,25625
2020-12-31,28281.875,34114,24740
2021-01-01,26363.083333333332,32836,22485
2021-01-02,26332.208333333332,31108,23591
2021-01-03,26171.916666666668,32038,23322
2021-01-04,27939.583333333332,31911,23717
2021-01-05,28701.25,33638,24571
2021-01-06,29274.666666666668,33790,24659
2021-01-07,29302.041666666668,33866,24733
2021-01-08,29293.75,34224,24838
2021-01-09,27455.583333333332,32925,24352
2021-01-10,26288.083333333332,31448,23913
2021-01-11,27821.125,31372,23753
2021-01-12,28919.541666666668,33368,24299
2021-01-13,28455.458333333332,33404,24127
2021-01-14,28292.375,32860,24151
2021-01-15,28076.083333333332,32675,23786
2021-01-16,26640.541666666668,32902,23514
2021-01-17,25299.0,30734,22708
2021-01-18,26222.708333333332,30377,23054
2021-01-19,27498.791666666668,32273,23116
2021-01-20,27887.666666666668,32543,23569
2021-01-21,28027.583333333332,32869,23880
2021-01-22,28595.083333333332,33075,24029
2021-01-23,27813.458333333332,33065,24209
2021-01-24,27098.208333333332,32216,23977
2021-01-25,28401.208333333332,32428,23604
2021-01-26,30086.583333333332,35303,25615
2021-01-27,30033.458333333332,35514,24814
2021-01-28,29462.291666666668,34296,24806
2021-01-29,29090.083333333332,33657,24158
2021-01-30,27019.625,33193,22336
2021-01-31,25373.958333333332,30705,22475
2021-02-01,26807.708333333332,30060,22680
2021-02-02,27238.458333333332,32141,23071
2021-02-03,27502.375,32116,23881
2021-02-04,27923.25,32453,24720
2021-02-05,27720.791666666668,32788,24431
2021-02-06,26217.208333333332,32060,22118
2021-02-07,24933.333333333332,30355,21360
2021-02-08,26514.625,29644,23258
2021-02-09,28388.125,32976,23806
2021-02-10,27881.0,33243,24072
2021-02-11,28104.791666666668,32608,24106
2021-02-12,27771.166666666668,33204,24034
2021-02-13,26123.458333333332,31727,23103
2021-02-14,25280.291666666668,30297,23054
2021-02-15,26888.458333333332,30215,23223
2021-02-16,27890.583333333332,32720,23965
2021-02-17,28172.875,33157,24886
2021-02-18,28367.833333333332,33291,25118
2021-02-19,28146.166666666668,32492,24479
2021-02-20,26440.791666666668,32229,22258
2021-02-21,25101.125,30453,21078
2021-02-22,26365.375,29916,22699
2021-02-23,27283.375,32616,23584
2021-02-24,26813.708333333332,31832,23182
2021-02-25,27096.916666666668,32280,23748
2021-02-26,27436.041666666668,32459,24500
2021-02-27,25825.75,31754,21752
2021-02-28,24321.333333333332,29828,20264
2021-03-01,25807.166666666668,29458,22270
2021-03-02,27186.166666666668,32204,23795
2021-03-03,28361.125,32558,23866
2021-03-04,28103.125,33438,24708
2021-03-05,27380.25,32171,24500
2021-03-06,26154.5,32176,22280
2021-03-07,24934.958333333332,30248,21387
2021-03-08,27050.333333333332,30640,23463
2021-03-09,28507.791666666668,33302,25144
2021-03-10,29216.791666666668,33932,25771
2021-03-11,28543.791666666668,33740,24882
2021-03-12,28084.625,33107,25372
2021-03-13,26308.25,32094,21642
2021-03-14,25607.916666666668,30513,23130
2021-03-15,27933.625,31395,23872
2021-03-16,28972.75,33816,25436
2021-03-17,28638.375,32443,25930
2021-03-18,28285.291666666668,32198,25107
2021-03-19,27593.166666666668,31935,24072
2021-03-20,26000.166666666668,31200,21701
2021-03-21,24193.583333333332,29402,20364
2021-03-22,26052.708333333332,29709,22583
2021-03-23,27004.833333333332,31085,23547
2021-03-24,26742.083333333332,31026,23673
2021-03-25,27109.208333333332,30711,24282
2021-03-26,27058.0,31659,23687
2021-03-27,25422.0,30635,21395
2021-03-28,24269.041666666668,29280,21074
2021-03-29,26595.875,30240,23476
2021-03-30,27297.416666666668,32247,23889
2021-03-31,27616.416666666668,32095,24247
2021-04-01,28243.208333333332,33198,23998
2021-04-02,27754.583333333332,33534,23596
2021-04-03,25842.25,31890,22104
2021-04-04,24219.208333333332,29967,20489
2021-04-05,25982.625,28885,22953
2021-04-06,27028.916666666668,31760,23559
2021-04-07,27470.291666666668,31833,23902
2021-04-08,27746.0,32511,24320
2021-04-09,27454.541666666668,32514,24263
2021-04-10,26187.916666666668,32242,22874
2021-04-11,24628.333333333332,30729,20924
2021-04-12,26273.75,30006,22846
2021-04-13,27990.958333333332,31903,24035
2021-04-14,27418.0,31727,24278
2021-04-15,27005.208333333332,31548,24195
2021-04-16,26881.375,31548,23966
2021-04-17,25772.458333333332,31831,22044
2021-04-18,24730.833333333332,30590,21835
2021-04-19,27398.333333333332,31338,23651
2021-04-20,28467.666666666668,34664,24378
2021-04-21,27968.875,32368,24341
2021-04-22,28417.0,32363,24446
2021-04-23,28090.541666666668,32267,24257
2021-04-24,26362.166666666668,31616,23134
2021-04-25,25029.125,29882,23051
2021-04-26,26485.0,29541,23514
2021-04-27,26725.583333333332,31439,24327
2021-04-28,27396.5,31861,24235
2021-04-29,28901.75,33700,24563
2021-04-30,30676.0,36454,25198
2021-05-01,28596.875,36969,24496
2021-05-02,25552.291666666668,31422,22755
2021-05-03,27149.416666666668,30696,23129
2021-05-04,29670.125,34948,24752
2021-05-05,30978.958333333332,37419,24845
2021-05-06,30773.916666666668,38752,25382
2021-05-07,29366.458333333332,34537,25363
2021-05-08,27406.958333333332,33673,23945
2021-05-09,26374.583333333332,32582,22865
2021-05-10,28180.416666666668,31674,23753
2021-05-11,29841.0,35662,24840
2021-05-12,30554.708333333332,36631,25207
2021-05-13,30963.333333333332,37634,25320
2021-05-14,29988.875,35780,25178
2021-05-15,27691.291666666668,33748,24042
2021-05-16,25312.916666666668,30422,23056
2021-05-17,27795.875,30264,24169
2021-05-18,29194.166666666668,33465,25479
2021-05-19,29243.583333333332,34761,25055
2021-05-20,28669.291666666668,33917,24889
2021-05-21,27716.666666666668,32439,24603
2021-05-22,26043.541666666668,31712,22366
2021-05-23,24594.25,30270,21475
2021-05-24,27576.416666666668,31700,23668
2021-05-25,30883.916666666668,36610,25507
2021-05-26,31152.458333333332,36892,26366
2021-05-27,30618.791666666668,36567,25939
2021-05-28,30903.958333333332,35982,26273
2021-05-29,29069.916666666668,36212,25398
2021-05-30,26995.625,32758,23892
2021-05-31,29288.541666666668,34791,24659
2021-06-01,33170.541666666664,40336,26323
2021-06-02,34019.791666666664,42116,27141
2021-06-03,34044.125,41802,27043
2021-06-04,34557.916666666664,42707,27532
2021-06-05,32034.125,41240,26784
2021-06-06,29842.291666666668,37974,25415
2021-06-07,30473.041666666668,35138,25579
2021-06-08,29420.041666666668,33878,25810
2021-06-09,29289.041666666668,34122,25505
2021-06-10,28805.25,33479,25498
2021-06-11,29260.666666666668,33971,25430
2021-06-12,29856.291666666668,35514,25503
2021-06-13,30503.916666666668,38775,24959
2021-06-14,33908.791666666664,41577,26848
2021-06-15,36410.75,44800,28391
2021-06-16,38685.291666666664,48383,29149
2021-06-17,39414.166666666664,49843,29531
2021-06-18,40855.333333333336,51602,31080
2021-06-19,38121.666666666664,50861,29361
2021-06-20,34986.875,46198,27356
2021-06-21,34530.458333333336,42491,27129
2021-06-22,34916.333333333336,43311,27760
2021-06-23,34946.5,41401,28460
2021-06-24,34231.041666666664,41337,28019
2021-06-25,33721.666666666664,40479,27940
2021-06-26,33917.416666666664,42494,27469
2021-06-27,34922.208333333336,44458,27721
2021-06-28,36694.0,45237,28882
2021-06-29,37291.458333333336,46834,29647
2021-06-30,37464.0,45544,29484
2021-07-01,37279.708333333336,46383,29421
2021-07-02,37572.583333333336,47239,29273
2021-07-03,35711.291666666664,46210,28613
2021-07-04,33075.833333333336,43082,26725
2021-07-05,32516.25,39577,26744
2021-07-06,35196.875,43294,28144
2021-07-07,36782.666666666664,45087,29136
2021-07-08,38305.666666666664,48305,29214
2021-07-09,41359.25,51992,31347
2021-07-10,40608.708333333336,53390,30912
2021-07-11,38333.708333333336,50039,28887
2021-07-12,37821.375,46681,29109
2021-07-13,38456.333333333336,47633,30310
2021-07-14,38423.875,47096,30721
2021-07-15,38115.75,46920,30451
2021-07-16,37180.541666666664,46403,29333
2021-07-17,36293.125,45446,29047
2021-07-18,36297.5,45230,29075
2021-07-19,39700.083333333336,50839,30990
2021-07-20,40630.541666666664,52149,31229
2021-07-21,40537.875,50815,31729
2021-07-22,40561.333333333336,51367,31428
2021-07-23,39646.166666666664,49771,30960
2021-07-24,37424.958333333336,49468,30043
2021-07-25,34840.875,43757,27911
2021-07-26,35970.75,42624,29142
2021-07-27,36725.166666666664,45380,29864
2021-07-28,39033.416666666664,48280,30189
2021-07-29,40239.791666666664,50617,30965
2021-07-30,40375.875,51558,31249
2021-07-31,37965.916666666664,50185,29931
2021-08-01,35224.041666666664,45734,27546
2021-08-02,37120.541666666664,47195,28221
2021-08-03,39079.041666666664,50120,30202
2021-08-04,39839.541666666664,51206,30703
2021-08-05,39159.125,50348,30859
2021-08-06,38128.208333333336,47674,30491
2021-08-07,35560.375,46114,28313
2021-08-08,33770.5,43282,27395
2021-08-09,36558.791666666664,45873,28637
2021-08-10,38782.458333333336,48752,29939
2021-08-11,41053.791666666664,51632,31373
2021-08-12,40574.666666666664,50588,31413
2021-08-13,39837.625,52032,30346
2021-08-14,38058.291666666664,48963,29814
2021-08-15,36568.708333333336,46510,28414
2021-08-16,40200.791666666664,51329,30359
2021-08-17,40699.958333333336,52947,31245
2021-08-18,37383.5,48091,29892
2021-08-19,35067.291666666664,40349,28391
2021-08-20,34804.916666666664,41969,27890
2021-08-21,32382.375,41051,27227
2021-08-22,29812.208333333332,35966,25643
2021-08-23,32147.125,37735,25830
2021-08-24,33754.5,40914,26723
2021-08-25,34851.166666666664,42754,27552
2021-08-26,36981.583333333336,46867,28051
2021-08-27,38559.833333333336,50124,28414
2021-08-28,38237.208333333336,52263,28636
2021-08-29,36673.958333333336,49234,28287
2021-08-30,38413.958333333336,47820,29574
2021-08-31,37607.583333333336,49879,28909
2021-09-01,34544.166666666664,43285,27582
2021-09-02,33641.0,39431,27423
2021-09-03,33583.375,40041,26831
2021-09-04,33150.708333333336,42354,26408
2021-09-05,33616.375,44401,25774
2021-09-06,36080.375,46926,27473
2021-09-07,39090.375,50741,29047
2021-09-08,40603.333333333336,52891,30428
2021-09-09,41836.833333333336,54543,30972
2021-09-10,40974.083333333336,53825,31042
2021-09-11,37628.166666666664,49920,29395
2021-09-12,35615.166666666664,47604,27856
2021-09-13,36727.958333333336,46696,27795
2021-09-14,36582.0,49396,27382
2021-09-15,35306.708333333336,46877,27354
2021-09-16,33527.416666666664,42973,27033
2021-09-17,32312.291666666668,39413,26227
2021-09-18,30592.416666666668,38611,26037
2021-09-19,28679.458333333332,35195,24722
2021-09-20,30988.25,38582,25095
2021-09-21,35432.916666666664,47734,27065
2021-09-22,38732.583333333336,50550,28641
2021-09-23,37442.875,50027,28196
2021-09-24,35310.166666666664,44789,27536
2021-09-25,32179.75,41882,26243
2021-09-26,29515.958333333332,37342,24949
2021-09-27,30360.416666666668,34074,24902
2021-09-28,30752.375,36018,25554
2021-09-29,30151.625,35589,25075
2021-09-30,30858.625,36467,25174
2021-10-01,32172.25,39246,25447
2021-10-02,31314.625,40878,25132
2021-10-03,30494.041666666668,39958,24616
2021-10-04,33038.291666666664,40292,25546
2021-10-05,32859.291666666664,40693,26347
2021-10-06,31957.875,38628,26107
2021-10-07,31014.625,36041,25605
2021-10-08,29819.0,34475,25284
2021-10-09,27071.166666666668,32695,24304
2021-10-10,25843.666666666668,31235,23278
2021-10-11,27824.208333333332,32156,23693
2021-10-12,27955.333333333332,32721,24048
2021-10-13,28531.5,32903,24128
2021-10-14,28623.083333333332,33226,24323
2021-10-15,29269.166666666668,33727,24611
2021-10-16,28136.375,34536,24041
2021-10-17,26600.333333333332,33113,23266
2021-10-18,28167.666666666668,31117,24060
2021-10-19,28371.083333333332,32805,24293
2021-10-20,28981.666666666668,33184,24370
2021-10-21,29385.0,33577,24574
2021-10-22,29309.333333333332,34078,24671
2021-10-23,27409.125,32539,23908
2021-10-24,26297.625,30552,22993
2021-10-25,28309.166666666668,31352,23856
2021-10-26,28357.416666666668,32089,24363
2021-10-27,28729.541666666668,32829,24678
2021-10-28,29535.291666666668,34124,24460
2021-10-29,30210.0,36307,25143
2021-10-30,28198.375,34950,24229
2021-10-31,26408.541666666668,31453,23632
2021-11-01,28007.916666666668,30673,23657
2021-11-02,28868.125,33528,24176
2021-11-03,28639.958333333332,33570,23996
2021-11-04,29115.791666666668,33917,24168
2021-11-05,28951.791666666668,33850,24353
2021-11-06,27446.666666666668,33118,23810
2021-11-07,25647.083333333332,30958,22861
2021-11-08,27253.416666666668,30951,23698
2021-11-09,29012.5,33530,24578
2021-11-10,29006.375,34239,24439
2021-11-11,29157.25,34281,24469
2021-11-12,30353.791666666668,35519,24770
2021-11-13,29229.0,36965,24257
2021-11-14,27187.125,33483,23424
2021-11-15,28847.958333333332,33307,23953
2021-11-16,29373.25,35386,23904
2021-11-17,28808.25,34182,23948
2021-11-18,28998.708333333332,34078,24282
2021-11-19,29052.083333333332,34047,24186
2021-11-20,27594.5,33377,24379
2021-11-21,26210.916666666668,31038,23151
2021-11-22,27958.625,31326,23650
2021-11-23,29183.875,34327,24279
2021-11-24,28910.583333333332,34030,24528
2021-11-25,27030.375,33449,23606
2021-11-26,25274.833333333332,28876,22858
2021-11-27,25912.458333333332,30969,22922
2021-11-28,25598.166666666668,30585,22902
2021-11-29,27819.458333333332,31252,23539
2021-11-30,29354.041666666668,34850,24571
2021-12-01,29463.75,34886,24564
2021-12-02,29555.083333333332,34812,24799
2021-12-03,29340.416666666668,34437,24338
2021-12-04,28375.958333333332,33922,24578
2021-12-05,27416.208333333332,32185,24017
2021-12-06,29158.875,32492,24055
2021-12-07,30431.041666666668,35807,25049
2021-12-08,30376.583333333332,35079,25986
2021-12-09,30632.833333333332,35562,25511
2021-12-10,30596.708333333332,38561,26342
2021-12-11,29155.75,34979,26030
2021-12-12,28421.333333333332,33105,25560
2021-12-13,30964.333333333332,34356,25747
2021-12-14,32415.375,37305,26940
2021-12-15,32452.166666666668,37955,27665
2021-12-16,32554.208333333332,37893,27943
2021-12-17,31991.0,37218,27398
2021-12-18,30713.291666666668,35979,27579
2021-12-19,29977.125,34886,27242
2021-12-20,31432.166666666668,34849,27500
2021-12-21,31604.625,36561,26484
2021-12-22,31395.625,36012,26503
2021-12-23,30770.791666666668,35659,25173
2021-12-24,28988.041666666668,35027,25461
2021-12-25,27732.458333333332,31997,24675
2021-12-26,27217.5,30744,24650
2021-12-27,29437.791666666668,32888,25745
2021-12-28,30717.833333333332,35658,26382
2021-12-29,31155.916666666668,35942,26364
2021-12-30,30647.208333333332,36367,25981
2021-12-31,29005.375,34825,25258
2022-01-01,27448.541666666668,33101,23515
2022-01-02,27587.875,32093,24247
2022-01-03,29652.25,33226,26047
2022-01-04,30308.333333333332,35647,26278
2022-01-05,29865.375,34782,25831
2022-01-06,29651.375,34259,25432
2022-01-07,29973.375,34211,25286
2022-01-08,28250.583333333332,34227,24675
2022-01-09,27087.166666666668,32188,23758
2022-01-10,28684.958333333332,32086,24816
2022-01-11,29422.291666666668,34307,25370
2022-01-12,29491.708333333332,34181,25429
2022-01-13,29810.5,34233,25257
2022-01-14,29290.583333333332,34135,25053
2022-01-15,28171.916666666668,33079,24323
2022-01-16,26443.0,31783,23561
2022-01-17,27734.208333333332,31045,23742
2022-01-18,28878.083333333332,33542,24530
2022-01-19,28816.416666666668,33571,24590
2022-01-20,28889.208333333332,33702,25012
2022-01-21,28835.541666666668,33452,24946
2022-01-22,27047.583333333332,33027,23354
2022-01-23,25800.541666666668,30940,22656
2022-01-24,27745.666666666668,31808,24157
2022-01-25,28790.416666666668,33561,24928
2022-01-26,29102.416666666668,33889,25558
2022-01-27,29240.625,33906,25723
2022-01-28,29452.125,33876,25855
2022-01-29,28214.666666666668,33141,25224
2022-01-30,26509.291666666668,31569,22642
2022-01-31,28698.875,32323,24721
2022-02-01,29567.708333333332,34632,25443
2022-02-02,29089.25,34146,25644
2022-02-03,29366.166666666668,34013,26426
2022-02-04,29056.375,33831,26108
2022-02-05,27501.875,32877,23770
2022-02-06,25714.0,30751,21859
2022-02-07,27346.791666666668,31017,23613
2022-02-08,28473.583333333332,33471,24502
2022-02-09,28638.125,33312,24502
2022-02-10,28763.25,33803,24043
2022-02-11,28554.5,34304,23841
2022-02-12,26898.5,33447,23450
2022-02-13,25484.708333333332,31656,22630
2022-02-14,26821.625,30183,22707
2022-02-15,28213.833333333332,33081,23865
2022-02-16,28340.916666666668,33600,24760
2022-02-17,28112.583333333332,33202,24655
2022-02-18,28161.416666666668,33037,24812
2022-02-19,26415.166666666668,32392,22585
2022-02-20,24799.625,30342,21422
2022-02-21,26284.0,30088,23142
2022-02-22,28702.833333333332,33239,24930
2022-02-23,29918.375,34840,26427
2022-02-24,30443.375,35265,25954
2022-02-25,29681.083333333332,34325,25309
2022-02-26,27663.916666666668,33113,22920
2022-02-27,25255.0,30751,20435
2022-02-28,26743.0,30388,22402
2022-03-01,28085.125,33677,24301
2022-03-02,28107.833333333332,33669,24061
2022-03-03,28438.75,33629,24241
2022-03-04,28382.666666666668,33126,24062
2022-03-05,26830.041666666668,32599,22652
2022-03-06,25553.958333333332,31298,20368
2022-03-07,26865.5,30698,21641
2022-03-08,27755.833333333332,33110,24595
2022-03-09,27442.75,32592,24250
2022-03-10,27450.958333333332,32484,24225
2022-03-11,27723.041666666668,32779,24533
2022-03-12,25976.541666666668,31904,21408
2022-03-13,24564.625,30089,20615
2022-03-14,26608.416666666668,30573,22655
2022-03-15,28162.0,32456,24178
2022-03-16,28083.375,32783,24564
2022-03-17,28320.083333333332,32936,24834
2022-03-18,27775.583333333332,32605,24417
2022-03-19,26780.166666666668,32182,23975
2022-03-20,24581.208333333332,29804,20287
2022-03-21,26251.5,30045,21914
2022-03-22,27822.666666666668,32572,24105
2022-03-23,28936.333333333332,34375,24469
2022-03-24,29252.333333333332,35094,24643
2022-03-25,29074.666666666668,35439,24600
2022-03-26,26761.666666666668,33993,22505
2022-03-27,24972.041666666668,30784,21313
2022-03-28,27359.958333333332,30029,23348
2022-03-29,27511.666666666668,31654,24054
2022-03-30,27285.875,31627,24200
2022-03-31,27379.666666666668,31913,23913
2022-04-01,27184.5,31412,23955
2022-04-02,26033.75,31180,23626
2022-04-03,24581.083333333332,29730,21938
2022-04-04,26202.875,29845,23163
2022-04-05,27670.0,32512,24334
2022-04-06,28939.0,33721,24692
2022-04-07,30904.208333333332,36999,25193
2022-04-08,32956.916666666664,40843,26156
2022-04-09,30158.5,41657,24407
2022-04-10,25827.916666666668,32681,21436
2022-04-11,26945.916666666668,30168,23418
2022-04-12,27242.791666666668,31865,24503
2022-04-13,27179.125,31830,24635
2022-04-14,27645.25,31753,24344
2022-04-15,26788.291666666668,31493,24176
2022-04-16,25472.416666666668,30553,21904
2022-04-17,23234.125,28991,18651
2022-04-18,25596.708333333332,28752,21301
2022-04-19,27848.791666666668,32614,24204
2022-04-20,27619.75,32221,24829
2022-04-21,27679.625,32042,24655
2022-04-22,27089.208333333332,31649,24304
2022-04-23,24959.125,30680,20428
2022-04-24,23814.25,29489,20396
2022-04-25,27128.666666666668,31147,23471
2022-04-26,28879.708333333332,34709,24873
2022-04-27,28283.583333333332,33656,24582
2022-04-28,27933.791666666668,33297,24787
2022-04-29,27279.625,32187,24841
2022-04-30,26109.166666666668,32089,22757
2022-05-01,24649.083333333332,31032,20376
2022-05-02,26760.458333333332,30605,23251
2022-05-03,27889.416666666668,33007,24518
2022-05-04,28330.833333333332,33416,24824
2022-05-05,29643.75,35701,25109
2022-05-06,29424.208333333332,34609,25184
2022-05-07,27381.708333333332,34266,23146
2022-05-08,24915.208333333332,31022,20448
2022-05-09,26071.625,29430,22513
2022-05-10,27279.5,32249,24735
2022-05-11,27114.125,32144,23964
2022-05-12,27388.916666666668,32110,24831
2022-05-13,28271.166666666668,32983,25151
2022-05-14,28934.666666666668,35259,24961
2022-05-15,28879.75,37412,23719
2022-05-16,29361.416666666668,34883,24721
2022-05-17,29839.708333333332,35596,25851
2022-05-18,30321.208333333332,35582,25602
2022-05-19,32144.958333333332,38428,26711
2022-05-20,30543.625,36536,26172
2022-05-21,27712.0,33037,25000
2022-05-22,26510.583333333332,32006,23448
2022-05-23,29548.75,33110,24777
2022-05-24,31814.833333333332,37426,26200
2022-05-25,34401.833333333336,41323,27185
2022-05-26,33955.833333333336,42907,27415
2022-05-27,31012.5,36904,26433
2022-05-28,28420.291666666668,34224,24993
2022-05-29,25806.75,30753,22121
2022-05-30,26097.916666666668,30553,23945
2022-05-31,28574.208333333332,32527,24454
2022-06-01,31370.916666666668,36283,25784
2022-06-02,32938.458333333336,40194,26921
2022-06-03,32387.958333333332,38799,26811
2022-06-04,30030.208333333332,35699,25804
2022-06-05,28291.041666666668,32801,25211
2022-06-06,31071.791666666668,36114,25518
2022-06-07,33272.875,39994,26810
2022-06-08,34212.75,41074,27305
2022-06-09,35159.833333333336,42720,27765
2022-06-10,37626.916666666664,47022,28601
2022-06-11,37296.708333333336,49117,28887
2022-06-12,33980.166666666664,44551,27182
2022-06-13,32358.25,38370,26496
2022-06-14,32594.583333333332,38125,27111
2022-06-15,34540.875,41151,27428
2022-06-16,34905.583333333336,43693,27882
2022-06-17,33221.583333333336,40589,27499
2022-06-18,28956.833333333332,34323,25616
2022-06-19,27112.25,31976,24266
2022-06-20,30501.375,38154,25094
2022-06-21,36566.083333333336,44948,28155
2022-06-22,38670.791666666664,48426,29615
2022-06-23,38622.875,46445,30003
2022-06-24,38871.25,49401,29327
2022-06-25,36844.125,49236,28388
2022-06-26,34447.458333333336,45019,26641
2022-06-27,37533.458333333336,46263,28909
2022-06-28,40512.041666666664,51234,30438
2022-06-29,39267.208333333336,50225,29927
2022-06-30,37776.791666666664,47938,29777
2022-07-01,36319.916666666664,45054,29208
2022-07-02,33571.625,42883,27693
2022-07-03,29948.875,36950,25844
2022-07-04,28681.125,33521,25647
2022-07-05,32077.916666666668,37276,27123
2022-07-06,34277.041666666664,41196,28317
2022-07-07,34372.333333333336,41133,28293
2022-07-08,35473.958333333336,43004,28825
2022-07-09,34816.458333333336,44145,28384
2022-07-10,33740.958333333336,42435,27115
2022-07-11,37398.333333333336,45519,28620
2022-07-12,38106.5,48579,29968
2022-07-13,36529.375,45152,29277
2022-07-14,36985.666666666664,44897,29328
2022-07-15,37877.333333333336,46001,29777
2022-07-16,37746.5,47760,29280
2022-07-17,37571.791666666664,47945,28895
2022-07-18,39519.625,47921,30629
2022-07-19,40479.875,50863,31341
2022-07-20,40170.0,50655,31487
2022-07-21,39392.958333333336,50060,30828
2022-07-22,38554.333333333336,48578,30183
2022-07-23,36301.791666666664,47322,29353
2022-07-24,34301.666666666664,43226,27848
2022-07-25,36077.416666666664,43256,28853
2022-07-26,37226.916666666664,45463,29986
2022-07-27,37157.125,45936,29888
2022-07-28,37334.916666666664,46142,29679
2022-07-29,37889.291666666664,46039,30139
2022-07-30,36656.583333333336,46567,29477
2022-07-31,35737.666666666664,43854,29144
2022-08-01,37802.875,45171,30389
2022-08-02,39620.791666666664,48249,31339
2022-08-03,40808.333333333336,51148,31896
2022-08-04,41656.125,51757,32574
2022-08-05,39417.208333333336,48669,32079
2022-08-06,36774.416666666664,46622,29270
2022-08-07,35264.375,44777,27979
2022-08-08,37804.5,45461,29752
2022-08-09,40186.958333333336,49119,31692
2022-08-10,40293.583333333336,49611,31200
2022-08-11,40193.375,50330,31076
2022-08-12,39583.291666666664,50191,30612
2022-08-13,38078.541666666664,49408,29728
2022-08-14,36609.583333333336,47210,28384
2022-08-15,39090.166666666664,48493,30116
2022-08-16,41600.833333333336,53164,31510
2022-08-17,43354.958333333336,55436,33091
2022-08-18,41151.708333333336,51731,31862
2022-08-19,40040.875,51125,30472
2022-08-20,38568.791666666664,50516,30073
2022-08-21,36217.541666666664,46933,28709
2022-08-22,36847.125,44307,28915
2022-08-23,39299.0,49316,29885
2022-08-24,40756.0,51774,31162
2022-08-25,40405.0,51167,31004
2022-08-26,39957.958333333336,50672,30612
2022-08-27,37579.208333333336,49524,29482
2022-08-28,34409.208333333336,44333,27860
2022-08-29,35679.0,42818,28417
2022-08-30,38539.791666666664,47450,29795
2022-08-31,40861.041666666664,51384,31048
2022-09-01,43921.875,55656,33025
2022-09-02,45409.791666666664,58020,33826
2022-09-03,43635.583333333336,56123,32493
2022-09-04,43159.083333333336,53920,32644
2022-09-05,44440.625,55849,33762
2022-09-06,48980.208333333336,61626,36364
2022-09-07,49757.458333333336,63622,37219
2022-09-08,48307.875,61452,36653
2022-09-09,48042.416666666664,59813,37602
2022-09-10,39946.583333333336,52917,32217
2022-09-11,36390.125,43351,30211
2022-09-12,39027.708333333336,45193,31130
2022-09-13,38064.125,46841,30164
2022-09-14,35367.0,42507,28708
2022-09-15,33606.541666666664,39710,27530
2022-09-16,32697.791666666668,38348,27221
2022-09-17,30911.333333333332,38234,26190
2022-09-18,28548.041666666668,33823,25319
2022-09-19,29563.833333333332,32917,24990
2022-09-20,31437.708333333332,35876,26068
2022-09-21,31791.958333333332,37225,25904
2022-09-22,31459.791666666668,36703,26176
2022-09-23,32815.375,38979,25897
2022-09-24,33745.166666666664,42744,26454
2022-09-25,33169.0,42630,26510
2022-09-26,35297.291666666664,43856,26934
2022-09-27,37049.625,47587,28171
2022-09-28,37035.916666666664,46908,28223
2022-09-29,36550.041666666664,46885,27965
2022-09-30,34889.041666666664,43793,27197
2022-10-01,31354.666666666668,40626,25767
2022-10-02,28714.208333333332,35043,24641
2022-10-03,30787.541666666668,35208,25210
2022-10-04,32933.083333333336,39496,26477
2022-10-05,33517.333333333336,40886,26802
2022-10-06,33908.208333333336,41952,26823
2022-10-07,34002.708333333336,41080,27298
2022-10-08,32637.083333333332,41399,26325
2022-10-09,30961.041666666668,38337,25345
2022-10-10,31915.541666666668,36859,25798
2022-10-11,32682.666666666668,39316,26880
2022-10-12,32069.166666666668,37624,25691
2022-10-13,31826.791666666668,37317,25985
2022-10-14,31463.5,36638,25691
2022-10-15,29439.958333333332,35265,25101
2022-10-16,27339.875,31706,23728
2022-10-17,28245.291666666668,31171,23495
2022-10-18,31005.333333333332,34973,25919
2022-10-19,32601.666666666668,37990,26697
2022-10-20,33345.916666666664,41174,27172
2022-10-21,32398.625,39438,27130
2022-10-22,29510.25,35777,25748
2022-10-23,25680.375,30322,22057
2022-10-24,26995.166666666668,30304,23569
2022-10-25,28495.041666666668,33009,24819
2022-10-26,28533.708333333332,32800,24897
2022-10-27,28610.0,33003,24548
2022-10-28,28948.625,32845,25440
2022-10-29,27282.166666666668,31956,24602
2022-10-30,25748.083333333332,29961,23680
2022-10-31,28007.291666666668,30609,24230
2022-11-01,28952.208333333332,31837,24975
2022-11-02,28635.458333333332,32738,24646
2022-11-03,28319.333333333332,32585,24701
2022-11-04,29001.75,32594,25645
2022-11-05,27051.583333333332,31530,24742
2022-11-06,25556.75,29714,23163
2022-11-07,27828.875,30390,24396
2022-11-08,29870.541666666668,33336,25179
2022-11-09,29231.625,33954,24927
2022-11-10,28846.291666666668,33454,25618
2022-11-11,28601.541666666668,32984,25570
2022-11-12,26469.875,29884,23675
2022-11-13,26308.041666666668,30388,23421
2022-11-14,27936.666666666668,31290,24189
2022-11-15,29144.625,33707,26062
2022-11-16,29180.125,33592,25917
2022-11-17,29454.416666666668,33573,25915
2022-11-18,29198.625,33358,25696
2022-11-19,27893.958333333332,32528,25213
2022-11-20,26675.208333333332,30833,24162
2022-11-21,28123.583333333332,30765,24792
2022-11-22,29363.0,33708,26365
2022-11-23,28950.875,33178,25620
2022-11-24,26975.041666666668,32403,23689
2022-11-25,25332.875,27937,23660
2022-11-26,25757.083333333332,30101,22876
2022-11-27,25531.708333333332,29454,23316
2022-11-28,27636.208333333332,30695,23985
2022-11-29,29300.916666666668,33811,24959
2022-11-30,29759.291666666668,33931,25928
2022-12-01,30327.5,34022,25273
2022-12-02,30780.625,35073,26757
2022-12-03,29226.291666666668,33829,25688
2022-12-04,27494.166666666668,31626,24440
2022-12-05,28522.0,31355,24985
2022-12-06,29958.791666666668,33768,26195
2022-12-07,30393.125,34349,27071
2022-12-08,30835.75,34719,27340
2022-12-09,30499.583333333332,34956,26119
2022-12-10,29338.291666666668,33828,25722
2022-12-11,27820.708333333332,31945,24394
2022-12-12,30091.916666666668,33211,26212
2022-12-13,31825.833333333332,36149,28107
2022-12-14,31739.541666666668,35835,28195
2022-12-15,31615.5,35936,27477
2022-12-16,31203.708333333332,35505,28082
2022-12-17,29915.375,34451,27176
2022-12-18,28553.125,32569,25982
2022-12-19,30515.625,33951,26801
2022-12-20,31207.166666666668,35539,26992
2022-12-21,31181.291666666668,34576,27446
2022-12-22,30862.541666666668,35022,26962
2022-12-23,29465.666666666668,34078,26008
2022-12-24,27667.0,32122,24856
2022-12-25,26091.416666666668,30385,23711
2022-12-26,26364.166666666668,29066,23609
2022-12-27,28685.458333333332,31666,24781
2022-12-28,28736.958333333332,33420,25334
2022-12-29,29678.333333333332,34120,25778
2022-12-30,29477.916666666668,33721,24902
2022-12-31,28167.208333333332,32481,24113
2023-01-01,26559.083333333332,32041,23618
2023-01-02,27603.75,30640,24241
2023-01-03,30566.208333333332,34312,25958
2023-01-04,30777.333333333332,34875,26209
2023-01-05,30062.083333333332,33769,25180
2023-01-06,29290.416666666668,33271,25789
2023-01-07,28090.375,32692,24875
2023-01-08,26578.958333333332,30975,23619
2023-01-09,28564.583333333332,32556,24583
2023-01-10,29968.333333333332,33831,24954
2023-01-11,30503.958333333332,34076,25873
2023-01-12,30132.916666666668,34838,26475
2023-01-13,29155.458333333332,32535,24713
2023-01-14,28519.791666666668,32761,24354
2023-01-15,27855.083333333332,32183,24024
2023-01-16,28890.083333333332,32011,25044
2023-01-17,29958.0,34170,26078
2023-01-18,30226.416666666668,34340,27005
2023-01-19,30417.458333333332,34509,26941
2023-01-20,30434.458333333332,35042,27243
2023-01-21,28740.541666666668,33682,23989
2023-01-22,27466.375,31913,24045
2023-01-23,28744.666666666668,32798,24296
2023-01-24,29807.541666666668,34146,26293
2023-01-25,29727.291666666668,33800,26164
2023-01-26,28874.208333333332,33025,25830
2023-01-27,29189.333333333332,33100,26465
2023-01-28,27533.416666666668,32049,23283
2023-01-29,27065.5,30454,23632
2023-01-30,29202.833333333332,32405,25477
2023-01-31,30267.791666666668,34820,27316
2023-02-01,29769.5,33852,26713
2023-02-02,29744.958333333332,33554,26778
2023-02-03,29478.708333333332,33213,25671
2023-02-04,27575.791666666668,31946,24084
2023-02-05,26082.125,29765,23976
2023-02-06,27869.833333333332,31499,24045
2023-02-07,28510.166666666668,33057,25487
2023-02-08,28328.916666666668,32479,25243
2023-02-09,27962.333333333332,32166,24786
2023-02-10,27808.375,31921,24502
2023-02-11,26566.125,31302,23933
2023-02-12,25532.291666666668,30196,21956
2023-02-13,26739.0,30337,23275
2023-02-14,28307.833333333332,32535,24794
2023-02-15,29606.583333333332,34138,25928
2023-02-16,29740.666666666668,34008,26254
2023-02-17,29095.083333333332,34004,25231
2023-02-18,27147.166666666668,32015,23293
2023-02-19,25644.625,29840,21541
2023-02-20,26166.125,29593,22188
2023-02-21,27187.166666666668,31094,24000
2023-02-22,28399.166666666668,32425,25819
2023-02-23,30489.125,34635,27056
2023-02-24,31217.541666666668,34960,26797
2023-02-25,30104.458333333332,34357,25893
2023-02-26,28257.041666666668,32903,25795
2023-02-27,30119.666666666668,33574,25919
2023-02-28,30568.625,35301,26322
2023-03-01,29784.625,34506,26474
2023-03-02,29721.5,34817,25603
2023-03-03,28333.916666666668,32935,23593
2023-03-04,27571.208333333332,31610,24406
2023-03-05,26778.625,31014,24123
2023-03-06,28177.708333333332,31618,24364
2023-03-07,28767.625,33410,25968
2023-03-08,28843.916666666668,32935,25897
2023-03-09,29283.666666666668,33074,25667
2023-03-10,30035.0,33973,25737
2023-03-11,28432.166666666668,32877,25033
2023-03-12,26923.208333333332,31005,24500
2023-03-13,27666.791666666668,30874,24423
2023-03-14,29247.083333333332,32469,25319
2023-03-15,29236.083333333332,32407,26185
2023-03-16,28418.5,32165,25390
2023-03-17,27323.25,31385,23210
2023-03-18,25507.5,30008,21980
2023-03-19,25611.833333333332,28830,23259
2023-03-20,27523.875,30363,24144
2023-03-21,28953.416666666668,33226,25013
2023-03-22,29950.5,33431,26383
2023-03-23,29320.083333333332,32794,26236
2023-03-24,28513.833333333332,32968,23056
2023-03-25,26348.416666666668,31746,20076
2023-03-26,25144.291666666668,29897,19741
2023-03-27,26920.083333333332,32170,20509
2023-03-28,28379.291666666668,31820,23751
2023-03-29,29747.5,32637,25806
2023-03-30,29640.25,33585,26819
2023-03-31,28358.25,32727,23898
2023-04-01,25876.916666666668,31206,20080
2023-04-02,24273.583333333332,29287,19342
2023-04-03,26763.958333333332,30598,20387
2023-04-04,28235.791666666668,32819,23608
2023-04-05,27906.25,32466,23216
2023-04-06,27249.583333333332,31571,23537
2023-04-07,27247.416666666668,31169,24623
2023-04-08,24992.416666666668,30598,20291
2023-04-09,23749.0,28902,19010
2023-04-10,25310.708333333332,28937,20325
2023-04-11,27169.0,32229,24484
2023-04-12,27377.666666666668,31436,24438
2023-04-13,27447.833333333332,31070,24688
2023-04-14,27243.958333333332,31124,24849
2023-04-15,24858.916666666668,30113,19900
2023-04-16,23879.791666666668,28780,20525
2023-04-17,26383.375,29483,21066
2023-04-18,27188.583333333332,31168,24796
2023-04-19,26689.875,30977,23235
2023-04-20,26710.916666666668,30734,23207
2023-04-21,27080.708333333332,31241,24099
2023-04-22,26226.208333333332,32230,22717
2023-04-23,24911.416666666668,30913,21211
2023-04-24,26860.375,30824,23470
2023-04-25,27226.583333333332,32018,24091
2023-04-26,27663.083333333332,32260,24106
2023-04-27,28935.125,34467,25217
2023-04-28,29656.875,35395,25545
2023-04-29,28060.0,35166,24389
2023-04-30,26226.666666666668,32214,22097
2023-05-01,27593.833333333332,30233,23492
2023-05-02,27776.666666666668,31238,24785
2023-05-03,27668.75,31286,24832
2023-05-04,28322.125,31622,25789
2023-05-05,28307.583333333332,31440,25563
2023-05-06,25647.208333333332,30357,21247
2023-05-07,23830.166666666668,28752,19568
2023-05-08,25801.125,29854,20413
2023-05-09,26982.708333333332,31567,24409
2023-05-10,27094.625,31128,24276
2023-05-11,26929.75,31076,24363
2023-05-12,27534.583333333332,31612,24743
2023-05-13,27425.291666666668,32924,24344
2023-05-14,27540.791666666668,34302,24051
2023-05-15,28896.416666666668,33133,25173
2023-05-16,30339.708333333332,35389,26195
2023-05-17,31256.416666666668,37313,27152
2023-05-18,31200.666666666668,36470,27005
2023-05-19,30812.875,35929,26759
2023-05-20,28948.458333333332,34527,25531
2023-05-21,27496.25,32593,23920
2023-05-22,29973.916666666668,34260,25431
2023-05-23,31280.458333333332,37217,26409
2023-05-24,29675.583333333332,33896,26759
2023-05-25,28827.916666666668,33035,25982
2023-05-26,28425.333333333332,32548,25654
2023-05-27,26308.25,31660,22100
2023-05-28,25747.583333333332,31127,23313
2023-05-29,25701.125,30057,23535
2023-05-30,27595.708333333332,31399,24649
2023-05-31,28896.208333333332,32606,25540
2023-06-01,29055.458333333332,33501,25481
2023-06-02,28861.833333333332,33526,25293
2023-06-03,27496.958333333332,33477,24036
2023-06-04,27338.75,33683,24157
2023-06-05,29719.708333333332,34620,25190
2023-06-06,29038.875,32926,24924
2023-06-07,28694.541666666668,32449,25728
2023-06-08,28455.041666666668,32330,25343
2023-06-09,29281.166666666668,33268,26344
2023-06-10,27756.583333333332,32553,25176
2023-06-11,25969.291666666668,30708,23627
2023-06-12,27665.5,30324,24625
2023-06-13,29171.791666666668,32845,25544
2023-06-14,30193.458333333332,34459,26054
2023-06-15,31105.083333333332,36017,26662
2023-06-16,30989.958333333332,35677,26752
2023-06-17,30182.125,36552,26309
2023-06-18,28995.75,35962,25107
2023-06-19,28396.083333333332,32410,25268
2023-06-20,28770.041666666668,33627,26010
2023-06-21,29080.666666666668,34023,25531
2023-06-22,29499.5,34490,25911
2023-06-23,28668.333333333332,32957,25774
2023-06-24,27272.708333333332,32714,23870
2023-06-25,26007.25,31718,22578
2023-06-26,28030.625,31990,24238
2023-06-27,29881.625,34447,26035
2023-06-28,30834.625,35702,26210
2023-06-29,31296.5,36243,26889
2023-06-30,34092.375,40042,27800
2023-07-01,35057.5,43820,27665
2023-07-02,34799.083333333336,44451,27387
2023-07-03,35380.791666666664,43461,28220
2023-07-04,32502.083333333332,42545,26529
2023-07-05,31444.5,36800,26940
2023-07-06,32429.291666666668,39316,26670
2023-07-07,31714.375,37549,27072
2023-07-08,29987.666666666668,36596,26405
2023-07-09,28377.625,34756,24621
2023-07-10,30511.375,34590,26363
2023-07-11,34179.791666666664,40911,27954
2023-07-12,36861.75,44952,29382
2023-07-13,37251.0,45717,29318
2023-07-14,38013.375,46574,30280
2023-07-15,38072.041666666664,48856,29222
2023-07-16,37793.916666666664,47754,29051
2023-07-17,40610.5,48629,32077
2023-07-18,41135.458333333336,52019,31506
2023-07-19,39839.625,49365,30985
2023-07-20,40382.666666666664,49502,32117
2023-07-21,40753.958333333336,51453,32045
2023-07-22,38933.208333333336,50485,30215
2023-07-23,37720.75,47469,29974
2023-07-24,38073.583333333336,45426,30920
2023-07-25,40481.875,49738,31451
2023-07-26,42217.875,52872,32859
2023-07-27,41197.666666666664,52659,31464
2023-07-28,39899.541666666664,49710,31370
2023-07-29,37762.458333333336,47190,30532
2023-07-30,36152.375,46178,29101
2023-07-31,38910.75,46519,31717
2023-08-01,39351.5,47673,31780
2023-08-02,38173.125,47461,30490
2023-08-03,36532.708333333336,45270,30241
2023-08-04,35243.458333333336,42290,28964
2023-08-05,35667.583333333336,44463,28896
2023-08-06,36123.25,45907,28451
2023-08-07,38772.5,47692,29891
2023-08-08,38877.541666666664,50048,30302
2023-08-09,37499.166666666664,44998,30444
2023-08-10,36760.583333333336,43848,30168
2023-08-11,36025.208333333336,42607,29642
2023-08-12,34788.791666666664,42531,28339
2023-08-13,34602.916666666664,42974,27797
2023-08-14,38267.458333333336,45828,30500
2023-08-15,40986.958333333336,50512,32022
2023-08-16,43027.708333333336,53411,33706
2023-08-17,42962.333333333336,54130,32457
2023-08-18,40339.541666666664,52253,31613
2023-08-19,35995.583333333336,47329,29042
2023-08-20,33887.458333333336,40003,28694
2023-08-21,33066.875,36937,27484
2023-08-22,33846.833333333336,38998,28069
2023-08-23,36612.75,44224,29530
2023-08-24,38666.791666666664,48703,30149
2023-08-25,36437.208333333336,46219,28755
2023-08-26,33662.791666666664,43396,27107
2023-08-27,32794.958333333336,42283,25998
2023-08-28,37417.083333333336,46542,29199
2023-08-29,40316.583333333336,52538,30587
2023-08-30,40673.333333333336,52118,30633
2023-08-31,39668.583333333336,51435,30629
2023-09-01,37202.041666666664,46422,29701
2023-09-02,32972.583333333336,39421,28151
2023-09-03,30347.541666666668,36012,26865
2023-09-04,28933.125,34318,25446
2023-09-05,32041.125,37364,26759
2023-09-06,33444.208333333336,40362,27695
2023-09-07,34060.208333333336,41537,28167
2023-09-08,35395.875,43458,28314
2023-09-09,36283.833333333336,46913,28524
2023-09-10,34922.166666666664,44243,28421
2023-09-11,36917.75,44080,29745
2023-09-12,36509.458333333336,44717,29246
2023-09-13,35010.625,43440,28440
2023-09-14,34064.333333333336,41789,27798
2023-09-15,34176.416666666664,41294,28521
2023-09-16,32429.0,39723,27122
2023-09-17,29530.5,35171,25527
2023-09-18,30787.041666666668,34454,26385
2023-09-19,31615.333333333332,37397,26244
2023-09-20,31746.833333333332,37481,26718
2023-09-21,31281.958333333332,36399,26460
2023-09-22,30371.375,34810,26403
2023-09-23,28642.125,33740,25201
2023-09-24,27368.583333333332,33114,24089
2023-09-25,29791.583333333332,34537,25441
2023-09-26,31210.25,36687,25902
2023-09-27,31701.666666666668,37986,26308
2023-09-28,31600.208333333332,37758,26274
2023-09-29,31489.041666666668,36824,26379
2023-09-30,29029.666666666668,33841,25368
2023-10-01,26210.583333333332,30513,23201
2023-10-02,27362.666666666668,30887,24119
2023-10-03,28962.291666666668,33542,25118
2023-10-04,30564.916666666668,35366,25859
2023-10-05,33489.791666666664,39750,26774
2023-10-06,35092.833333333336,43970,27798
2023-10-07,33432.041666666664,44848,26440
2023-10-08,32030.791666666668,41565,26388
2023-10-09,32141.375,39716,25594
2023-10-10,31136.375,36770,25984
2023-10-11,30059.875,35006,26048
2023-10-12,29333.208333333332,33741,25429
2023-10-13,30017.75,34657,25951
2023-10-14,28545.708333333332,33954,25500
2023-10-15,27316.541666666668,32789,24458
2023-10-16,30532.916666666668,35247,25886
2023-10-17,32083.541666666668,38233,26364
2023-10-18,32473.125,37802,26900
2023-10-19,33410.125,40083,27206
2023-10-20,33848.833333333336,41671,26903
2023-10-21,31123.958333333332,40232,25693
2023-10-22,28239.541666666668,34134,24432
2023-10-23,29110.166666666668,31820,25145
2023-10-24,29224.833333333332,34260,24869
2023-10-25,30085.958333333332,34007,25359
2023-10-26,29011.208333333332,32912,25161
2023-10-27,28771.916666666668,32808,24763
2023-10-28,26751.416666666668,32060,23058
2023-10-29,25363.25,29947,22224
2023-10-30,27210.291666666668,30208,23734
2023-10-31,28521.5,32559,24690
2023-11-01,28770.458333333332,31882,24713
2023-11-02,29535.666666666668,33641,24973
2023-11-03,29326.541666666668,34048,24716
2023-11-04,27688.291666666668,33185,23903
2023-11-05,24775.0,31163,21313
2023-11-06,27135.583333333332,30015,23971
2023-11-07,29261.916666666668,33901,24860
2023-11-08,28881.458333333332,33040,24874
2023-11-09,28855.791666666668,33198,25184
2023-11-10,28459.625,32825,25301
2023-11-11,26936.708333333332,32017,24057
2023-11-12,25728.25,30271,23056
2023-11-13,27567.083333333332,30889,23961
2023-11-14,28707.458333333332,32705,25013
2023-11-15,29574.583333333332,33122,24993
2023-11-16,29320.083333333332,33201,24979
2023-11-17,29071.458333333332,33082,24747
2023-11-18,28127.291666666668,33039,24116
2023-11-19,26411.0,30825,23723
2023-11-20,27579.291666666668,30668,24367
2023-11-21,29141.25,33185,25125
2023-11-22,29184.625,33180,25573
2023-11-23,27190.25,32948,23825
2023-11-24,25626.541666666668,28337,23570
2023-11-25,26244.0,30377,23795
2023-11-26,26309.583333333332,30212,24144
2023-11-27,28500.25,31417,25244
2023-11-28,29792.083333333332,33836,26010
2023-11-29,30111.125,33851,25775
2023-11-30,30207.416666666668,33954,26236
2023-12-01,29994.333333333332,33912,26198
2023-12-02,28382.875,33200,25112
2023-12-03,26844.0,31192,24352
2023-12-04,28383.625,31401,25024
2023-12-05,29077.833333333332,33090,25799
2023-12-06,29495.25,33114,25494
2023-12-07,29525.958333333332,33381,25337
2023-12-08,29645.0,33477,26048
2023-12-09,28188.375,33024,25131
2023-12-10,27720.625,31179,25559
2023-12-11,29512.958333333332,32380,25851
2023-12-12,30358.708333333332,34416,26223
2023-12-13,30500.0,34422,26665
2023-12-14,30783.208333333332,34631,26448
2023-12-15,30590.875,34503,26768
2023-12-16,28879.458333333332,33753,25880
2023-12-17,28195.208333333332,31589,25061
2023-12-18,29885.083333333332,33284,25547
2023-12-19,30407.125,34310,25971
2023-12-20,30264.75,34088,25334
2023-12-21,30336.083333333332,34603,25690
2023-12-22,29294.875,33477,25233
2023-12-23,27862.125,32884,24630
2023-12-24,27279.416666666668,31215,24520
2023-12-25,26613.0,30600,24523
2023-12-26,27197.041666666668,29805,23899
2023-12-27,28973.125,32617,24745
2023-12-28,29027.75,33132,24602
2023-12-29,28437.333333333332,32424,24622
2023-12-30,27796.458333333332,31942,24245
2023-12-31,27243.291666666668,30869,23908
2024-12-27,32245.5,32499,32073
2024-12-28,28516.666666666668,32498,23849
2024-12-29,27623.5,30558,23678
2024-12-30,28532.833333333332,31885,24583
2024-12-31,29095.875,32459,24456
